id,email,name,age,address
jlmiku,jlmiku@example.com,강하은,16,부산광역시 해운대구 우동
tgxfd,tgxfd@example.com,장예준,13,서울특별시 송파구 문정동
akkvm,akkvm@example.com,박서준,42,부산광역시 해운대구 중동
nlub,nlub@example.com,조주원,52,경기도 안양시 평촌구
wspqzi,wspqzi@example.com,윤예준,59,부산광역시 수영구 민락동
pbjlo,pbjlo@example.com,박민서,85,서울특별시 강남구 삼성동
vwpu,vwpu@example.com,박지민,85,부산광역시 수영구 광안동
pekw,pekw@example.com,조지호,18,서울특별시 송파구 문정동
tizol,tizol@example.com,김지민,47,서울특별시 강남구 역삼동
xshd,xshd@example.com,조지현,74,서울특별시 강남구 삼성동
xanb,xanb@example.com,윤지현,62,경기도 성남시 분당구
ledpjv,ledpjv@example.com,조윤아,73,서울특별시 강남구 역삼동
ebswvbs,ebswvbs@example.com,이수빈,19,서울특별시 강남구 삼성동
bzqyv,bzqyv@example.com,최수빈,95,서울특별시 강남구 삼성동
fglm,fglm@example.com,장하은,51,부산광역시 해운대구 중동
ievzwl,ievzwl@example.com,강지민,70,부산광역시 수영구 광안동
prsrgg,prsrgg@example.com,이예준,63,서울특별시 강남구 삼성동
eyygezy,eyygezy@example.com,강민서,53,경기도 성남시 분당구
rwmn,rwmn@example.com,박지현,33,서울특별시 강남구 삼성동
nnolu,nnolu@example.com,김지우,98,서울특별시 강남구 역삼동
qxwi,qxwi@example.com,박주원,18,부산광역시 해운대구 우동
rafgy,rafgy@example.com,장예은,25,부산광역시 수영구 광안동
mhmztz,mhmztz@example.com,장윤수,71,부산광역시 수영구 민락동
pdgukg,pdgukg@example.com,장서윤,92,부산광역시 해운대구 중동
tkrl,tkrl@example.com,정윤수,37,서울특별시 강남구 역삼동
mgss,mgss@example.com,박윤아,22,부산광역시 수영구 광안동
ovlsw,ovlsw@example.com,임서준,87,서울특별시 강남구 삼성동
utia,utia@example.com,조서준,44,서울특별시 마포구 합정동
quljga,quljga@example.com,김주원,16,서울특별시 송파구 잠실동
rdmbs,rdmbs@example.com,김지우,68,경기도 수원시 팔달구
udupzck,udupzck@example.com,박하은,33,경기도 성남시 중원구
ahdmx,ahdmx@example.com,임예은,24,서울특별시 송파구 잠실동
yowboxn,yowboxn@example.com,이지훈,96,부산광역시 수영구 민락동
zenxes,zenxes@example.com,김시우,18,부산광역시 수영구 광안동
cmcjuy,cmcjuy@example.com,최민서,67,부산광역시 해운대구 우동
qqhlb,qqhlb@example.com,임윤수,25,경기도 수원시 영통구
jjlcij,jjlcij@example.com,박서윤,15,부산광역시 수영구 민락동
bebzyx,bebzyx@example.com,임주원,55,경기도 안양시 동안구
rtgll,rtgll@example.com,강도윤,49,경기도 수원시 영통구
bhupu,bhupu@example.com,박지호,60,서울특별시 강남구 역삼동
exmmmzl,exmmmzl@example.com,강윤아,65,부산광역시 수영구 민락동
oqpnet,oqpnet@example.com,장지호,96,서울특별시 마포구 합정동
bfpibr,bfpibr@example.com,김민준,81,부산광역시 수영구 광안동
yjevaq,yjevaq@example.com,김하은,27,부산광역시 해운대구 중동
mmsksv,mmsksv@example.com,박하은,22,서울특별시 강남구 역삼동
rxsb,rxsb@example.com,최서준,80,경기도 성남시 중원구
wikopr,wikopr@example.com,김서윤,74,서울특별시 강남구 삼성동
jitwikd,jitwikd@example.com,김하준,38,서울특별시 송파구 잠실동
cstz,cstz@example.com,정주원,80,부산광역시 수영구 광안동
tpvao,tpvao@example.com,임지호,100,부산광역시 해운대구 중동
zsrqv,zsrqv@example.com,임서연,80,경기도 성남시 분당구
xkznklz,xkznklz@example.com,강지현,10,서울특별시 강남구 역삼동
ccgt,ccgt@example.com,조예준,74,서울특별시 송파구 잠실동
sfdok,sfdok@example.com,박예은,98,서울특별시 마포구 서교동
dzqf,dzqf@example.com,박서준,61,서울특별시 마포구 합정동
clzdq,clzdq@example.com,장윤아,21,서울특별시 송파구 문정동
ujvt,ujvt@example.com,임서윤,66,부산광역시 해운대구 중동
rdvthn,rdvthn@example.com,김윤아,94,서울특별시 송파구 잠실동
bhzazr,bhzazr@example.com,박민준,95,경기도 성남시 중원구
jycyhi,jycyhi@example.com,정지호,80,부산광역시 해운대구 우동
omgrfbr,omgrfbr@example.com,박서연,67,서울특별시 송파구 잠실동
hsyqgg,hsyqgg@example.com,이윤수,54,부산광역시 해운대구 중동
qbgcxm,qbgcxm@example.com,최지현,13,부산광역시 수영구 민락동
pofli,pofli@example.com,윤하은,81,부산광역시 해운대구 중동
gfbas,gfbas@example.com,강주원,16,경기도 안양시 평촌구
pbmgeu,pbmgeu@example.com,임윤수,83,경기도 성남시 중원구
bqxv,bqxv@example.com,이지호,12,서울특별시 마포구 서교동
drmh,drmh@example.com,박하은,94,경기도 안양시 평촌구
txtxmab,txtxmab@example.com,정지민,49,서울특별시 강남구 역삼동
iysa,iysa@example.com,조서연,51,서울특별시 송파구 잠실동
ahgsumh,ahgsumh@example.com,이윤아,60,경기도 안양시 동안구
wbbopqz,wbbopqz@example.com,조지호,55,서울특별시 강남구 삼성동
iwdnxv,iwdnxv@example.com,이윤아,78,경기도 안양시 평촌구
xynh,xynh@example.com,이민서,52,서울특별시 마포구 서교동
wainam,wainam@example.com,정지현,38,부산광역시 해운대구 우동
hxrvmt,hxrvmt@example.com,조민서,75,경기도 안양시 동안구
cvthlo,cvthlo@example.com,임하은,51,부산광역시 수영구 광안동
vxfsadl,vxfsadl@example.com,최지훈,50,부산광역시 해운대구 중동
nifc,nifc@example.com,임서준,47,부산광역시 수영구 민락동
giftw,giftw@example.com,최지우,36,서울특별시 송파구 문정동
egzwjmq,egzwjmq@example.com,박시우,82,경기도 안양시 평촌구
kerplqg,kerplqg@example.com,최윤아,81,서울특별시 송파구 잠실동
oxfglgx,oxfglgx@example.com,강시우,77,경기도 수원시 영통구
cdpw,cdpw@example.com,임지훈,65,부산광역시 해운대구 중동
yqorzkw,yqorzkw@example.com,임서준,41,서울특별시 송파구 잠실동
qabsf,qabsf@example.com,조시우,99,부산광역시 해운대구 중동
wmzno,wmzno@example.com,윤하준,82,서울특별시 송파구 잠실동
xjbzx,xjbzx@example.com,강지현,90,경기도 안양시 평촌구
eoldsby,eoldsby@example.com,임서연,81,부산광역시 수영구 민락동
sufwsg,sufwsg@example.com,장서준,20,부산광역시 해운대구 우동
dzjpkyq,dzjpkyq@example.com,김하준,91,부산광역시 수영구 민락동
fgrflhy,fgrflhy@example.com,최지현,18,경기도 수원시 팔달구
vmbnis,vmbnis@example.com,임민준,34,부산광역시 수영구 민락동
goctob,goctob@example.com,강윤수,70,서울특별시 강남구 삼성동
gwlgtf,gwlgtf@example.com,최민서,52,부산광역시 수영구 민락동
bnfdvg,bnfdvg@example.com,임서준,90,부산광역시 수영구 민락동
hrkboy,hrkboy@example.com,장지훈,47,경기도 수원시 팔달구
znwk,znwk@example.com,최서윤,49,경기도 수원시 팔달구
xqjlhve,xqjlhve@example.com,정서연,70,부산광역시 수영구 민락동
iapgshi,iapgshi@example.com,정지우,62,경기도 수원시 팔달구
